algorithm,hyperparams,feature_version,accuracy,precision,recall,f1,roc_auc,train_size,test_size
RandomForest,"{'n_estimators': 100, 'max_depth': 10, 'min_samples_split': 5}",v1,0.9286220751595368,0.8739601714141669,0.9708765051806216,0.9198726452639957,0.9716173260357792,33845,8462
RandomForest,"{'n_estimators': 200, 'max_depth': 15, 'min_samples_split': 2}",v1,0.9270857953202553,0.8746829020801623,0.9655558667040045,0.9178756821509384,0.9709615859280337,33845,8462
LogisticRegression,"{'C': 1.0, 'penalty': 'l2'}",v1,0.6702907114157409,0.6328683225586934,0.5208625035004201,0.5714285714285714,0.7489628994694248,33845,8462
LogisticRegression,"{'C': 0.1, 'penalty': 'l1', 'solver': 'liblinear'}",v1,0.6162845662963838,0.632569558101473,0.21646597591711006,0.32255372418109746,0.7133498506019864,33845,8462
RandomForest,"{'n_estimators': 100, 'max_depth': 10, 'min_samples_split': 5}",v2,0.8575107296137339,0.8187830687830688,0.9552469135802469,0.8817663817663818,0.8978645796021683,4656,1165
RandomForest,"{'n_estimators': 200, 'max_depth': 15, 'min_samples_split': 2}",v2,0.8489270386266095,0.8138297872340425,0.9444444444444444,0.8742857142857143,0.8966138930677938,4656,1165
LogisticRegression,"{'C': 1.0, 'penalty': 'l2'}",v2,0.8343347639484978,0.8330893118594437,0.8780864197530864,0.8549962434259955,0.8876158153640423,4656,1165
LogisticRegression,"{'C': 0.1, 'penalty': 'l1', 'solver': 'liblinear'}",v2,0.8300429184549356,0.8270348837209303,0.8780864197530864,0.8517964071856288,0.8851413066838598,4656,1165
